method,target,horizon,regime_method,symbol_scope,IC,accuracy,balanced_accuracy,Sharpe,drawdown,turnover,total_return,n_trades,n_test_rows,fold
global_lgbm,tb_label_8h,8h,none,BTCUSDT+ETHUSDT+BNBUSDT+SOLUSDT+XRPUSDT+DOGEUSDT+ADAUSDT+TRXUSDT+LINKUSDT+AVAXUSDT+TONUSDT+SHIBUSDT+DOTUSDT+BCHUSDT+LTCUSDT+NEARUSDT+UNIUSDT+APTUSDT+ICPUSDT+ETCUSDT,0.07166246312750403,0.5752083333333333,0.3471619828619718,1.9461495352084526,-0.12170593522671269,0.02666666666666667,0.7932573134496639,766,14400,1
global_lgbm,tb_label_8h,8h,none,BTCUSDT+ETHUSDT+BNBUSDT+SOLUSDT+XRPUSDT+DOGEUSDT+ADAUSDT+TRXUSDT+LINKUSDT+AVAXUSDT+TONUSDT+SHIBUSDT+DOTUSDT+BCHUSDT+LTCUSDT+NEARUSDT+UNIUSDT+APTUSDT+ICPUSDT+ETCUSDT,0.13470796046786102,0.5628472222222223,0.3486179761086272,1.833077679807087,-0.13318729074590016,0.018784722222222223,0.9502697523336918,536,14400,2
global_lgbm,tb_label_8h,8h,none,BTCUSDT+ETHUSDT+BNBUSDT+SOLUSDT+XRPUSDT+DOGEUSDT+ADAUSDT+TRXUSDT+LINKUSDT+AVAXUSDT+TONUSDT+SHIBUSDT+DOTUSDT+BCHUSDT+LTCUSDT+NEARUSDT+UNIUSDT+APTUSDT+ICPUSDT+ETCUSDT,-0.035697010482180366,0.5788194444444444,0.35070535241859085,2.302735924068386,-0.09580811324399588,0.025972222222222223,0.6469844649027134,742,14400,3
global_lgbm,tb_label_8h,8h,none,BTCUSDT+ETHUSDT+BNBUSDT+SOLUSDT+XRPUSDT+DOGEUSDT+ADAUSDT+TRXUSDT+LINKUSDT+AVAXUSDT+TONUSDT+SHIBUSDT+DOTUSDT+BCHUSDT+LTCUSDT+NEARUSDT+UNIUSDT+APTUSDT+ICPUSDT+ETCUSDT,0.05047357367223419,0.5759027777777778,0.34655815524032013,-0.5542045746135057,-0.3507231136033047,0.03232638888888889,-0.14787555355296134,927,14400,4
global_lgbm,tb_label_8h,8h,none,BTCUSDT+ETHUSDT+BNBUSDT+SOLUSDT+XRPUSDT+DOGEUSDT+ADAUSDT+TRXUSDT+LINKUSDT+AVAXUSDT+TONUSDT+SHIBUSDT+DOTUSDT+BCHUSDT+LTCUSDT+NEARUSDT+UNIUSDT+APTUSDT+ICPUSDT+ETCUSDT,0.020508712401466928,0.5452777777777778,0.3466966932683506,0.7346180682793353,-0.28307948133888694,0.03284722222222222,0.21685849120584866,943,14400,5
global_lgbm,tb_label_8h,8h,none,BTCUSDT+ETHUSDT+BNBUSDT+SOLUSDT+XRPUSDT+DOGEUSDT+ADAUSDT+TRXUSDT+LINKUSDT+AVAXUSDT+TONUSDT+SHIBUSDT+DOTUSDT+BCHUSDT+LTCUSDT+NEARUSDT+UNIUSDT+APTUSDT+ICPUSDT+ETCUSDT,-0.06264848314741955,0.5327083333333333,0.3464326350239438,-1.5621691579957022,-0.5252703876275767,0.029513888888888888,-0.3576856783384702,846,14400,6
global_lgbm,tb_label_8h,8h,none,BTCUSDT+ETHUSDT+BNBUSDT+SOLUSDT+XRPUSDT+DOGEUSDT+ADAUSDT+TRXUSDT+LINKUSDT+AVAXUSDT+TONUSDT+SHIBUSDT+DOTUSDT+BCHUSDT+LTCUSDT+NEARUSDT+UNIUSDT+APTUSDT+ICPUSDT+ETCUSDT,0.013259275818193111,0.5824305555555556,0.3504494188954046,-2.1996700030983813,-0.3069445659124032,0.025763888888888888,-0.28325599211684016,732,14400,7
global_lgbm,tb_label_8h,8h,none,BTCUSDT+ETHUSDT+BNBUSDT+SOLUSDT+XRPUSDT+DOGEUSDT+ADAUSDT+TRXUSDT+LINKUSDT+AVAXUSDT+TONUSDT+SHIBUSDT+DOTUSDT+BCHUSDT+LTCUSDT+NEARUSDT+UNIUSDT+APTUSDT+ICPUSDT+ETCUSDT,-0.021643795969463073,0.5588194444444444,0.3449306896280943,0.45881577811737206,-0.10925767386846127,0.017777777777777778,0.08606902398859195,509,14400,8
global_lgbm,tb_label_8h,8h,none,BTCUSDT+ETHUSDT+BNBUSDT+SOLUSDT+XRPUSDT+DOGEUSDT+ADAUSDT+TRXUSDT+LINKUSDT+AVAXUSDT+TONUSDT+SHIBUSDT+DOTUSDT+BCHUSDT+LTCUSDT+NEARUSDT+UNIUSDT+APTUSDT+ICPUSDT+ETCUSDT,-0.011979521984416255,0.5626388888888889,0.3407800648241825,-0.7142488891085184,-0.2753970298286315,0.021145833333333332,-0.2396329024640098,605,14400,9
global_lgbm,tb_label_8h,8h,none,BTCUSDT+ETHUSDT+BNBUSDT+SOLUSDT+XRPUSDT+DOGEUSDT+ADAUSDT+TRXUSDT+LINKUSDT+AVAXUSDT+TONUSDT+SHIBUSDT+DOTUSDT+BCHUSDT+LTCUSDT+NEARUSDT+UNIUSDT+APTUSDT+ICPUSDT+ETCUSDT,0.021440487515011736,0.5757638888888889,0.3400080261824678,0.19877124896028847,-0.14749700776279961,0.022569444444444444,0.023081080326051495,646,14400,10
global_lgbm,tb_label_8h,8h,none,BTCUSDT+ETHUSDT+BNBUSDT+SOLUSDT+XRPUSDT+DOGEUSDT+ADAUSDT+TRXUSDT+LINKUSDT+AVAXUSDT+TONUSDT+SHIBUSDT+DOTUSDT+BCHUSDT+LTCUSDT+NEARUSDT+UNIUSDT+APTUSDT+ICPUSDT+ETCUSDT,0.07080923252476602,0.5648611111111111,0.33908348652013404,-0.4717791649986864,-0.16260153695981705,0.0175,-0.07020833594624953,500,14400,11
global_lgbm,tb_label_8h,8h,none,BTCUSDT+ETHUSDT+BNBUSDT+SOLUSDT+XRPUSDT+DOGEUSDT+ADAUSDT+TRXUSDT+LINKUSDT+AVAXUSDT+TONUSDT+SHIBUSDT+DOTUSDT+BCHUSDT+LTCUSDT+NEARUSDT+UNIUSDT+APTUSDT+ICPUSDT+ETCUSDT,-0.06150758144037316,0.6015972222222222,0.3431796238150002,-0.16106806412100907,-0.1546404881498401,0.01611111111111111,-0.029981290809448558,462,14400,12
global_lgbm,tb_label_8h,8h,none,BTCUSDT+ETHUSDT+BNBUSDT+SOLUSDT+XRPUSDT+DOGEUSDT+ADAUSDT+TRXUSDT+LINKUSDT+AVAXUSDT+TONUSDT+SHIBUSDT+DOTUSDT+BCHUSDT+LTCUSDT+NEARUSDT+UNIUSDT+APTUSDT+ICPUSDT+ETCUSDT,-0.013859499715255331,0.5706944444444444,0.34885374467405245,0.5679479203566168,-0.08429778663265956,0.022534722222222223,0.06985953218561436,648,14400,13
global_lgbm,tb_label_8h,8h,none,BTCUSDT+ETHUSDT+BNBUSDT+SOLUSDT+XRPUSDT+DOGEUSDT+ADAUSDT+TRXUSDT+LINKUSDT+AVAXUSDT+TONUSDT+SHIBUSDT+DOTUSDT+BCHUSDT+LTCUSDT+NEARUSDT+UNIUSDT+APTUSDT+ICPUSDT+ETCUSDT,-0.01818928618157702,0.5836111111111111,0.34781253496405157,-0.9595499921565777,-0.15424851094873623,0.017708333333333333,-0.13504662208726048,507,14400,14
global_lgbm,tb_label_8h,8h,none,BTCUSDT+ETHUSDT+BNBUSDT+SOLUSDT+XRPUSDT+DOGEUSDT+ADAUSDT+TRXUSDT+LINKUSDT+AVAXUSDT+TONUSDT+SHIBUSDT+DOTUSDT+BCHUSDT+LTCUSDT+NEARUSDT+UNIUSDT+APTUSDT+ICPUSDT+ETCUSDT,-0.0354859743595783,0.5558333333333333,0.34827869692448493,0.4984418221420832,-0.18920021364549813,0.01965277777777778,0.09068677167673123,564,14400,15
global_lgbm,tb_label_8h,8h,none,BTCUSDT+ETHUSDT+BNBUSDT+SOLUSDT+XRPUSDT+DOGEUSDT+ADAUSDT+TRXUSDT+LINKUSDT+AVAXUSDT+TONUSDT+SHIBUSDT+DOTUSDT+BCHUSDT+LTCUSDT+NEARUSDT+UNIUSDT+APTUSDT+ICPUSDT+ETCUSDT,-0.04881612962901496,0.5634027777777778,0.34038088107742115,-0.9744243911266174,-0.19708545274155473,0.025625,-0.1300157881227343,733,14400,16
regime_lgbm_contrastive,tb_label_8h,8h,contrastive,BTCUSDT+ETHUSDT+BNBUSDT+SOLUSDT+XRPUSDT+DOGEUSDT+ADAUSDT+TRXUSDT+LINKUSDT+AVAXUSDT+TONUSDT+SHIBUSDT+DOTUSDT+BCHUSDT+LTCUSDT+NEARUSDT+UNIUSDT+APTUSDT+ICPUSDT+ETCUSDT,0.08422317048533143,0.5743055555555555,0.35581146115327017,0.6990808199354541,-0.3290256062282337,0.03576388888888889,0.27128988719379743,996,14400,1
regime_lgbm_contrastive,tb_label_8h,8h,contrastive,BTCUSDT+ETHUSDT+BNBUSDT+SOLUSDT+XRPUSDT+DOGEUSDT+ADAUSDT+TRXUSDT+LINKUSDT+AVAXUSDT+TONUSDT+SHIBUSDT+DOTUSDT+BCHUSDT+LTCUSDT+NEARUSDT+UNIUSDT+APTUSDT+ICPUSDT+ETCUSDT,0.13963243281874263,0.5614583333333333,0.3516547647780319,1.2257092099434712,-0.15441071154809313,0.025868055555555554,0.4806411007627527,736,14400,2
regime_lgbm_contrastive,tb_label_8h,8h,contrastive,BTCUSDT+ETHUSDT+BNBUSDT+SOLUSDT+XRPUSDT+DOGEUSDT+ADAUSDT+TRXUSDT+LINKUSDT+AVAXUSDT+TONUSDT+SHIBUSDT+DOTUSDT+BCHUSDT+LTCUSDT+NEARUSDT+UNIUSDT+APTUSDT+ICPUSDT+ETCUSDT,0.0003511159886442937,0.5745138888888889,0.35218350471328624,0.8343869867509258,-0.19310749313254694,0.03142361111111111,0.19042131530342865,886,14400,3
regime_lgbm_contrastive,tb_label_8h,8h,contrastive,BTCUSDT+ETHUSDT+BNBUSDT+SOLUSDT+XRPUSDT+DOGEUSDT+ADAUSDT+TRXUSDT+LINKUSDT+AVAXUSDT+TONUSDT+SHIBUSDT+DOTUSDT+BCHUSDT+LTCUSDT+NEARUSDT+UNIUSDT+APTUSDT+ICPUSDT+ETCUSDT,0.058017334113697853,0.5723611111111111,0.3490994723085998,-1.2388527107757248,-0.5071980513710757,0.042465277777777775,-0.35421790858841773,1197,14400,4
regime_lgbm_contrastive,tb_label_8h,8h,contrastive,BTCUSDT+ETHUSDT+BNBUSDT+SOLUSDT+XRPUSDT+DOGEUSDT+ADAUSDT+TRXUSDT+LINKUSDT+AVAXUSDT+TONUSDT+SHIBUSDT+DOTUSDT+BCHUSDT+LTCUSDT+NEARUSDT+UNIUSDT+APTUSDT+ICPUSDT+ETCUSDT,-0.0011064965947104944,0.5459722222222222,0.3506424505688459,-0.39935969998879217,-0.530474014293952,0.04107638888888889,-0.1710743071030849,1155,14400,5
regime_lgbm_contrastive,tb_label_8h,8h,contrastive,BTCUSDT+ETHUSDT+BNBUSDT+SOLUSDT+XRPUSDT+DOGEUSDT+ADAUSDT+TRXUSDT+LINKUSDT+AVAXUSDT+TONUSDT+SHIBUSDT+DOTUSDT+BCHUSDT+LTCUSDT+NEARUSDT+UNIUSDT+APTUSDT+ICPUSDT+ETCUSDT,-0.019043512252799464,0.5322222222222223,0.3493429795894973,-1.2205936897312242,-0.42275931023728724,0.04097222222222222,-0.28484277539927494,1162,14400,6
regime_lgbm_contrastive,tb_label_8h,8h,contrastive,BTCUSDT+ETHUSDT+BNBUSDT+SOLUSDT+XRPUSDT+DOGEUSDT+ADAUSDT+TRXUSDT+LINKUSDT+AVAXUSDT+TONUSDT+SHIBUSDT+DOTUSDT+BCHUSDT+LTCUSDT+NEARUSDT+UNIUSDT+APTUSDT+ICPUSDT+ETCUSDT,-0.02604410682261968,0.573125,0.352889634664644,-2.0260594426531697,-0.3294555480979387,0.043194444444444445,-0.3043510028663563,1220,14400,7
regime_lgbm_contrastive,tb_label_8h,8h,contrastive,BTCUSDT+ETHUSDT+BNBUSDT+SOLUSDT+XRPUSDT+DOGEUSDT+ADAUSDT+TRXUSDT+LINKUSDT+AVAXUSDT+TONUSDT+SHIBUSDT+DOTUSDT+BCHUSDT+LTCUSDT+NEARUSDT+UNIUSDT+APTUSDT+ICPUSDT+ETCUSDT,-0.008070570804018554,0.5592361111111112,0.34783115446387086,-0.5848924932412433,-0.24023390730365762,0.02392361111111111,-0.12144306661059123,679,14400,8
regime_lgbm_contrastive,tb_label_8h,8h,contrastive,BTCUSDT+ETHUSDT+BNBUSDT+SOLUSDT+XRPUSDT+DOGEUSDT+ADAUSDT+TRXUSDT+LINKUSDT+AVAXUSDT+TONUSDT+SHIBUSDT+DOTUSDT+BCHUSDT+LTCUSDT+NEARUSDT+UNIUSDT+APTUSDT+ICPUSDT+ETCUSDT,-0.010717234847810501,0.5595833333333333,0.3459114880254586,-1.7947957519897357,-0.5521342880846075,0.03729166666666667,-0.5069770556381581,1054,14400,9
regime_lgbm_contrastive,tb_label_8h,8h,contrastive,BTCUSDT+ETHUSDT+BNBUSDT+SOLUSDT+XRPUSDT+DOGEUSDT+ADAUSDT+TRXUSDT+LINKUSDT+AVAXUSDT+TONUSDT+SHIBUSDT+DOTUSDT+BCHUSDT+LTCUSDT+NEARUSDT+UNIUSDT+APTUSDT+ICPUSDT+ETCUSDT,0.031962430174740035,0.5734027777777778,0.34489864793021113,1.0848290338958362,-0.16733512052376312,0.03229166666666667,0.1669197760195591,920,14400,10
regime_lgbm_contrastive,tb_label_8h,8h,contrastive,BTCUSDT+ETHUSDT+BNBUSDT+SOLUSDT+XRPUSDT+DOGEUSDT+ADAUSDT+TRXUSDT+LINKUSDT+AVAXUSDT+TONUSDT+SHIBUSDT+DOTUSDT+BCHUSDT+LTCUSDT+NEARUSDT+UNIUSDT+APTUSDT+ICPUSDT+ETCUSDT,0.06167291711938076,0.5626388888888889,0.3415915440453885,-2.085975487234903,-0.4390842079820652,0.025694444444444443,-0.35377919976621475,728,14400,11
regime_lgbm_contrastive,tb_label_8h,8h,contrastive,BTCUSDT+ETHUSDT+BNBUSDT+SOLUSDT+XRPUSDT+DOGEUSDT+ADAUSDT+TRXUSDT+LINKUSDT+AVAXUSDT+TONUSDT+SHIBUSDT+DOTUSDT+BCHUSDT+LTCUSDT+NEARUSDT+UNIUSDT+APTUSDT+ICPUSDT+ETCUSDT,-0.039751271429450036,0.6009027777777778,0.3466542976461699,0.2608576913283845,-0.06708467812330621,0.021145833333333332,0.032832147217378704,598,14400,12
regime_lgbm_contrastive,tb_label_8h,8h,contrastive,BTCUSDT+ETHUSDT+BNBUSDT+SOLUSDT+XRPUSDT+DOGEUSDT+ADAUSDT+TRXUSDT+LINKUSDT+AVAXUSDT+TONUSDT+SHIBUSDT+DOTUSDT+BCHUSDT+LTCUSDT+NEARUSDT+UNIUSDT+APTUSDT+ICPUSDT+ETCUSDT,-0.03758108222572305,0.5715972222222222,0.35336847895461143,0.4986631881063372,-0.16316071117716013,0.03138888888888889,0.06598928688548789,893,14400,13
regime_lgbm_contrastive,tb_label_8h,8h,contrastive,BTCUSDT+ETHUSDT+BNBUSDT+SOLUSDT+XRPUSDT+DOGEUSDT+ADAUSDT+TRXUSDT+LINKUSDT+AVAXUSDT+TONUSDT+SHIBUSDT+DOTUSDT+BCHUSDT+LTCUSDT+NEARUSDT+UNIUSDT+APTUSDT+ICPUSDT+ETCUSDT,-0.07193690812001104,0.581875,0.3568404106730752,-1.5915393754400717,-0.3004886761167299,0.031875,-0.28852783344548005,900,14400,14
regime_lgbm_contrastive,tb_label_8h,8h,contrastive,BTCUSDT+ETHUSDT+BNBUSDT+SOLUSDT+XRPUSDT+DOGEUSDT+ADAUSDT+TRXUSDT+LINKUSDT+AVAXUSDT+TONUSDT+SHIBUSDT+DOTUSDT+BCHUSDT+LTCUSDT+NEARUSDT+UNIUSDT+APTUSDT+ICPUSDT+ETCUSDT,-0.005406737193230928,0.5547222222222222,0.3510612419416183,0.330740866917487,-0.33530494869305383,0.02784722222222222,0.10031602071601764,796,14400,15
regime_lgbm_contrastive,tb_label_8h,8h,contrastive,BTCUSDT+ETHUSDT+BNBUSDT+SOLUSDT+XRPUSDT+DOGEUSDT+ADAUSDT+TRXUSDT+LINKUSDT+AVAXUSDT+TONUSDT+SHIBUSDT+DOTUSDT+BCHUSDT+LTCUSDT+NEARUSDT+UNIUSDT+APTUSDT+ICPUSDT+ETCUSDT,-0.033833602959296966,0.5625694444444445,0.349841740070255,-0.23299876482482357,-0.14113511820821184,0.036631944444444446,-0.05464890215819451,1041,14400,16
regime_lgbm_contrastive_hmm,tb_label_8h,8h,contrastive_hmm,BTCUSDT+ETHUSDT+BNBUSDT+SOLUSDT+XRPUSDT+DOGEUSDT+ADAUSDT+TRXUSDT+LINKUSDT+AVAXUSDT+TONUSDT+SHIBUSDT+DOTUSDT+BCHUSDT+LTCUSDT+NEARUSDT+UNIUSDT+APTUSDT+ICPUSDT+ETCUSDT,0.07403760415545162,0.5784027777777778,0.35290238261155094,0.7702892001932679,-0.28539209250391323,0.029375,0.2501575811556229,828,14400,1
regime_lgbm_contrastive_hmm,tb_label_8h,8h,contrastive_hmm,BTCUSDT+ETHUSDT+BNBUSDT+SOLUSDT+XRPUSDT+DOGEUSDT+ADAUSDT+TRXUSDT+LINKUSDT+AVAXUSDT+TONUSDT+SHIBUSDT+DOTUSDT+BCHUSDT+LTCUSDT+NEARUSDT+UNIUSDT+APTUSDT+ICPUSDT+ETCUSDT,0.11694561323054005,0.563125,0.3589984721623487,0.3442710264304688,-0.2502099709007821,0.03131944444444444,0.08701833142769622,893,14400,2
regime_lgbm_contrastive_hmm,tb_label_8h,8h,contrastive_hmm,BTCUSDT+ETHUSDT+BNBUSDT+SOLUSDT+XRPUSDT+DOGEUSDT+ADAUSDT+TRXUSDT+LINKUSDT+AVAXUSDT+TONUSDT+SHIBUSDT+DOTUSDT+BCHUSDT+LTCUSDT+NEARUSDT+UNIUSDT+APTUSDT+ICPUSDT+ETCUSDT,-0.009761062408271803,0.5747916666666667,0.3541482922297036,2.316893455924308,-0.20054965655761547,0.03576388888888889,0.8915812501819083,1009,14400,3
regime_lgbm_contrastive_hmm,tb_label_8h,8h,contrastive_hmm,BTCUSDT+ETHUSDT+BNBUSDT+SOLUSDT+XRPUSDT+DOGEUSDT+ADAUSDT+TRXUSDT+LINKUSDT+AVAXUSDT+TONUSDT+SHIBUSDT+DOTUSDT+BCHUSDT+LTCUSDT+NEARUSDT+UNIUSDT+APTUSDT+ICPUSDT+ETCUSDT,0.011844824528510428,0.5736805555555555,0.35212920190519964,-1.8765475048166802,-0.655921600672309,0.043472222222222225,-0.6255792633426233,1221,14400,4
regime_lgbm_contrastive_hmm,tb_label_8h,8h,contrastive_hmm,BTCUSDT+ETHUSDT+BNBUSDT+SOLUSDT+XRPUSDT+DOGEUSDT+ADAUSDT+TRXUSDT+LINKUSDT+AVAXUSDT+TONUSDT+SHIBUSDT+DOTUSDT+BCHUSDT+LTCUSDT+NEARUSDT+UNIUSDT+APTUSDT+ICPUSDT+ETCUSDT,0.01752519171985272,0.5463194444444445,0.3505750683473226,-0.28513272081100716,-0.5653785567857105,0.04034722222222222,-0.14557713259197735,1138,14400,5
regime_lgbm_contrastive_hmm,tb_label_8h,8h,contrastive_hmm,BTCUSDT+ETHUSDT+BNBUSDT+SOLUSDT+XRPUSDT+DOGEUSDT+ADAUSDT+TRXUSDT+LINKUSDT+AVAXUSDT+TONUSDT+SHIBUSDT+DOTUSDT+BCHUSDT+LTCUSDT+NEARUSDT+UNIUSDT+APTUSDT+ICPUSDT+ETCUSDT,-0.030444956200526015,0.5310416666666666,0.34823543958472375,-0.5007449340667763,-0.40216823768895826,0.03857638888888889,-0.1474492484855644,1090,14400,6
regime_lgbm_contrastive_hmm,tb_label_8h,8h,contrastive_hmm,BTCUSDT+ETHUSDT+BNBUSDT+SOLUSDT+XRPUSDT+DOGEUSDT+ADAUSDT+TRXUSDT+LINKUSDT+AVAXUSDT+TONUSDT+SHIBUSDT+DOTUSDT+BCHUSDT+LTCUSDT+NEARUSDT+UNIUSDT+APTUSDT+ICPUSDT+ETCUSDT,0.022291122340566415,0.57375,0.35491887750578227,-2.294119299678164,-0.42712606424998045,0.04006944444444444,-0.3910167263400691,1132,14400,7
regime_lgbm_contrastive_hmm,tb_label_8h,8h,contrastive_hmm,BTCUSDT+ETHUSDT+BNBUSDT+SOLUSDT+XRPUSDT+DOGEUSDT+ADAUSDT+TRXUSDT+LINKUSDT+AVAXUSDT+TONUSDT+SHIBUSDT+DOTUSDT+BCHUSDT+LTCUSDT+NEARUSDT+UNIUSDT+APTUSDT+ICPUSDT+ETCUSDT,0.005383374450822148,0.555625,0.3460177895188136,-0.437780348616424,-0.2034003765881432,0.027916666666666666,-0.10571279688340363,790,14400,8
regime_lgbm_contrastive_hmm,tb_label_8h,8h,contrastive_hmm,BTCUSDT+ETHUSDT+BNBUSDT+SOLUSDT+XRPUSDT+DOGEUSDT+ADAUSDT+TRXUSDT+LINKUSDT+AVAXUSDT+TONUSDT+SHIBUSDT+DOTUSDT+BCHUSDT+LTCUSDT+NEARUSDT+UNIUSDT+APTUSDT+ICPUSDT+ETCUSDT,-0.029883075073556583,0.5554166666666667,0.3410989298121651,0.8635487821221846,-0.12477050789603035,0.036493055555555556,0.1886950434060446,1039,14400,9
regime_lgbm_contrastive_hmm,tb_label_8h,8h,contrastive_hmm,BTCUSDT+ETHUSDT+BNBUSDT+SOLUSDT+XRPUSDT+DOGEUSDT+ADAUSDT+TRXUSDT+LINKUSDT+AVAXUSDT+TONUSDT+SHIBUSDT+DOTUSDT+BCHUSDT+LTCUSDT+NEARUSDT+UNIUSDT+APTUSDT+ICPUSDT+ETCUSDT,0.044923892187245865,0.5746527777777778,0.34731842126706497,0.4018146080734293,-0.15512693207166128,0.033819444444444444,0.056547430793379316,960,14400,10
regime_lgbm_contrastive_hmm,tb_label_8h,8h,contrastive_hmm,BTCUSDT+ETHUSDT+BNBUSDT+SOLUSDT+XRPUSDT+DOGEUSDT+ADAUSDT+TRXUSDT+LINKUSDT+AVAXUSDT+TONUSDT+SHIBUSDT+DOTUSDT+BCHUSDT+LTCUSDT+NEARUSDT+UNIUSDT+APTUSDT+ICPUSDT+ETCUSDT,0.04049179193906034,0.5613194444444445,0.34603720448872055,-1.603351084534819,-0.33980098104074624,0.030416666666666668,-0.3355992367442847,854,14400,11
regime_lgbm_contrastive_hmm,tb_label_8h,8h,contrastive_hmm,BTCUSDT+ETHUSDT+BNBUSDT+SOLUSDT+XRPUSDT+DOGEUSDT+ADAUSDT+TRXUSDT+LINKUSDT+AVAXUSDT+TONUSDT+SHIBUSDT+DOTUSDT+BCHUSDT+LTCUSDT+NEARUSDT+UNIUSDT+APTUSDT+ICPUSDT+ETCUSDT,-0.05556851569884365,0.600625,0.3492458747504459,-0.09103434433676924,-0.14087824683614866,0.022048611111111113,-0.019473943837038044,627,14400,12
regime_lgbm_contrastive_hmm,tb_label_8h,8h,contrastive_hmm,BTCUSDT+ETHUSDT+BNBUSDT+SOLUSDT+XRPUSDT+DOGEUSDT+ADAUSDT+TRXUSDT+LINKUSDT+AVAXUSDT+TONUSDT+SHIBUSDT+DOTUSDT+BCHUSDT+LTCUSDT+NEARUSDT+UNIUSDT+APTUSDT+ICPUSDT+ETCUSDT,-0.015145775836396841,0.5718055555555556,0.3564762089495894,-0.59061247193841,-0.14051152331102187,0.03197916666666667,-0.07277809353567999,906,14400,13
regime_lgbm_contrastive_hmm,tb_label_8h,8h,contrastive_hmm,BTCUSDT+ETHUSDT+BNBUSDT+SOLUSDT+XRPUSDT+DOGEUSDT+ADAUSDT+TRXUSDT+LINKUSDT+AVAXUSDT+TONUSDT+SHIBUSDT+DOTUSDT+BCHUSDT+LTCUSDT+NEARUSDT+UNIUSDT+APTUSDT+ICPUSDT+ETCUSDT,0.0426505910000443,0.5744444444444444,0.3593017776275116,0.6424483304770696,-0.4373201078135529,0.04673611111111111,0.16764700112058328,1284,14400,14
regime_lgbm_contrastive_hmm,tb_label_8h,8h,contrastive_hmm,BTCUSDT+ETHUSDT+BNBUSDT+SOLUSDT+XRPUSDT+DOGEUSDT+ADAUSDT+TRXUSDT+LINKUSDT+AVAXUSDT+TONUSDT+SHIBUSDT+DOTUSDT+BCHUSDT+LTCUSDT+NEARUSDT+UNIUSDT+APTUSDT+ICPUSDT+ETCUSDT,-0.04324577670499099,0.5530555555555555,0.3494181414013246,-0.418183548413065,-0.3134894976291265,0.02642361111111111,-0.14227413557026625,753,14400,15
regime_lgbm_contrastive_hmm,tb_label_8h,8h,contrastive_hmm,BTCUSDT+ETHUSDT+BNBUSDT+SOLUSDT+XRPUSDT+DOGEUSDT+ADAUSDT+TRXUSDT+LINKUSDT+AVAXUSDT+TONUSDT+SHIBUSDT+DOTUSDT+BCHUSDT+LTCUSDT+NEARUSDT+UNIUSDT+APTUSDT+ICPUSDT+ETCUSDT,-0.015458011871843137,0.5644444444444444,0.35432592353227427,0.1565365571405416,-0.11712694230362235,0.043125,0.021582740433015335,1207,14400,16
regime_lgbm_hmm,tb_label_8h,8h,hmm,BTCUSDT+ETHUSDT+BNBUSDT+SOLUSDT+XRPUSDT+DOGEUSDT+ADAUSDT+TRXUSDT+LINKUSDT+AVAXUSDT+TONUSDT+SHIBUSDT+DOTUSDT+BCHUSDT+LTCUSDT+NEARUSDT+UNIUSDT+APTUSDT+ICPUSDT+ETCUSDT,0.06044766349350837,0.574375,0.35314874157336046,1.7015250768946304,-0.23925826788685922,0.03909722222222222,0.7569768567156296,1104,14400,1
regime_lgbm_hmm,tb_label_8h,8h,hmm,BTCUSDT+ETHUSDT+BNBUSDT+SOLUSDT+XRPUSDT+DOGEUSDT+ADAUSDT+TRXUSDT+LINKUSDT+AVAXUSDT+TONUSDT+SHIBUSDT+DOTUSDT+BCHUSDT+LTCUSDT+NEARUSDT+UNIUSDT+APTUSDT+ICPUSDT+ETCUSDT,0.1545819892810305,0.5626388888888889,0.35571957481798083,1.6572989804564553,-0.12351831745159274,0.027881944444444445,0.867495898763238,781,14400,2
regime_lgbm_hmm,tb_label_8h,8h,hmm,BTCUSDT+ETHUSDT+BNBUSDT+SOLUSDT+XRPUSDT+DOGEUSDT+ADAUSDT+TRXUSDT+LINKUSDT+AVAXUSDT+TONUSDT+SHIBUSDT+DOTUSDT+BCHUSDT+LTCUSDT+NEARUSDT+UNIUSDT+APTUSDT+ICPUSDT+ETCUSDT,-0.03281371407622263,0.57375,0.35287029166703215,1.311085231346166,-0.1608056267099632,0.042083333333333334,0.3995006571848605,1173,14400,3
regime_lgbm_hmm,tb_label_8h,8h,hmm,BTCUSDT+ETHUSDT+BNBUSDT+SOLUSDT+XRPUSDT+DOGEUSDT+ADAUSDT+TRXUSDT+LINKUSDT+AVAXUSDT+TONUSDT+SHIBUSDT+DOTUSDT+BCHUSDT+LTCUSDT+NEARUSDT+UNIUSDT+APTUSDT+ICPUSDT+ETCUSDT,0.032639064085260704,0.5770833333333333,0.3567290896252875,-0.7719957367568556,-0.44912365032085305,0.04628472222222222,-0.21666154185705622,1309,14400,4
regime_lgbm_hmm,tb_label_8h,8h,hmm,BTCUSDT+ETHUSDT+BNBUSDT+SOLUSDT+XRPUSDT+DOGEUSDT+ADAUSDT+TRXUSDT+LINKUSDT+AVAXUSDT+TONUSDT+SHIBUSDT+DOTUSDT+BCHUSDT+LTCUSDT+NEARUSDT+UNIUSDT+APTUSDT+ICPUSDT+ETCUSDT,0.026778271503563513,0.5459722222222222,0.3544673283579383,-0.29173692327955764,-0.4735295553762133,0.045,-0.1332962631901664,1270,14400,5
regime_lgbm_hmm,tb_label_8h,8h,hmm,BTCUSDT+ETHUSDT+BNBUSDT+SOLUSDT+XRPUSDT+DOGEUSDT+ADAUSDT+TRXUSDT+LINKUSDT+AVAXUSDT+TONUSDT+SHIBUSDT+DOTUSDT+BCHUSDT+LTCUSDT+NEARUSDT+UNIUSDT+APTUSDT+ICPUSDT+ETCUSDT,-0.023540271092485084,0.5290277777777778,0.34887500944192756,-0.5622709950824145,-0.4053169110091556,0.04534722222222222,-0.17009479460242105,1275,14400,6
regime_lgbm_hmm,tb_label_8h,8h,hmm,BTCUSDT+ETHUSDT+BNBUSDT+SOLUSDT+XRPUSDT+DOGEUSDT+ADAUSDT+TRXUSDT+LINKUSDT+AVAXUSDT+TONUSDT+SHIBUSDT+DOTUSDT+BCHUSDT+LTCUSDT+NEARUSDT+UNIUSDT+APTUSDT+ICPUSDT+ETCUSDT,0.02464783017821223,0.5747916666666667,0.35727965448975335,-2.029285818539928,-0.3351742206559358,0.04545138888888889,-0.30412080227072213,1277,14400,7
regime_lgbm_hmm,tb_label_8h,8h,hmm,BTCUSDT+ETHUSDT+BNBUSDT+SOLUSDT+XRPUSDT+DOGEUSDT+ADAUSDT+TRXUSDT+LINKUSDT+AVAXUSDT+TONUSDT+SHIBUSDT+DOTUSDT+BCHUSDT+LTCUSDT+NEARUSDT+UNIUSDT+APTUSDT+ICPUSDT+ETCUSDT,-0.0238493921407965,0.5584027777777778,0.35086833794285344,-1.0471274459810747,-0.2907264770140948,0.03194444444444444,-0.24975407814218153,899,14400,8
regime_lgbm_hmm,tb_label_8h,8h,hmm,BTCUSDT+ETHUSDT+BNBUSDT+SOLUSDT+XRPUSDT+DOGEUSDT+ADAUSDT+TRXUSDT+LINKUSDT+AVAXUSDT+TONUSDT+SHIBUSDT+DOTUSDT+BCHUSDT+LTCUSDT+NEARUSDT+UNIUSDT+APTUSDT+ICPUSDT+ETCUSDT,-0.013247013732748511,0.5613888888888889,0.3516135704554822,-0.28870338353917274,-0.3423715171425313,0.043993055555555556,-0.13631757653674736,1223,14400,9
regime_lgbm_hmm,tb_label_8h,8h,hmm,BTCUSDT+ETHUSDT+BNBUSDT+SOLUSDT+XRPUSDT+DOGEUSDT+ADAUSDT+TRXUSDT+LINKUSDT+AVAXUSDT+TONUSDT+SHIBUSDT+DOTUSDT+BCHUSDT+LTCUSDT+NEARUSDT+UNIUSDT+APTUSDT+ICPUSDT+ETCUSDT,0.027740898951230195,0.5722916666666666,0.3483058788556313,1.7010212240337113,-0.1385319440815124,0.04055555555555555,0.5268908421052072,1143,14400,10
regime_lgbm_hmm,tb_label_8h,8h,hmm,BTCUSDT+ETHUSDT+BNBUSDT+SOLUSDT+XRPUSDT+DOGEUSDT+ADAUSDT+TRXUSDT+LINKUSDT+AVAXUSDT+TONUSDT+SHIBUSDT+DOTUSDT+BCHUSDT+LTCUSDT+NEARUSDT+UNIUSDT+APTUSDT+ICPUSDT+ETCUSDT,0.062411751829278814,0.561875,0.3424261836336456,-1.2772016832382076,-0.2515931475115917,0.029027777777777777,-0.24243026217905583,819,14400,11
regime_lgbm_hmm,tb_label_8h,8h,hmm,BTCUSDT+ETHUSDT+BNBUSDT+SOLUSDT+XRPUSDT+DOGEUSDT+ADAUSDT+TRXUSDT+LINKUSDT+AVAXUSDT+TONUSDT+SHIBUSDT+DOTUSDT+BCHUSDT+LTCUSDT+NEARUSDT+UNIUSDT+APTUSDT+ICPUSDT+ETCUSDT,-0.0376089358102784,0.6008333333333333,0.3501707027940492,-0.4584356222967537,-0.12252426428483812,0.028784722222222222,-0.08681383803746379,814,14400,12
regime_lgbm_hmm,tb_label_8h,8h,hmm,BTCUSDT+ETHUSDT+BNBUSDT+SOLUSDT+XRPUSDT+DOGEUSDT+ADAUSDT+TRXUSDT+LINKUSDT+AVAXUSDT+TONUSDT+SHIBUSDT+DOTUSDT+BCHUSDT+LTCUSDT+NEARUSDT+UNIUSDT+APTUSDT+ICPUSDT+ETCUSDT,0.006875143228442422,0.5697222222222222,0.35584438214677366,0.5244244710970879,-0.1116352374342855,0.03864583333333333,0.07955476290794272,1091,14400,13
regime_lgbm_hmm,tb_label_8h,8h,hmm,BTCUSDT+ETHUSDT+BNBUSDT+SOLUSDT+XRPUSDT+DOGEUSDT+ADAUSDT+TRXUSDT+LINKUSDT+AVAXUSDT+TONUSDT+SHIBUSDT+DOTUSDT+BCHUSDT+LTCUSDT+NEARUSDT+UNIUSDT+APTUSDT+ICPUSDT+ETCUSDT,-0.013327938703846997,0.5855555555555556,0.35836152989452813,-0.6202332284321447,-0.2121098850362141,0.034166666666666665,-0.1285153709652972,948,14400,14
regime_lgbm_hmm,tb_label_8h,8h,hmm,BTCUSDT+ETHUSDT+BNBUSDT+SOLUSDT+XRPUSDT+DOGEUSDT+ADAUSDT+TRXUSDT+LINKUSDT+AVAXUSDT+TONUSDT+SHIBUSDT+DOTUSDT+BCHUSDT+LTCUSDT+NEARUSDT+UNIUSDT+APTUSDT+ICPUSDT+ETCUSDT,-0.04439592565243793,0.5500694444444445,0.34972027479434503,-0.5913720591119026,-0.25822313325001356,0.034861111111111114,-0.21167971926676732,978,14400,15
regime_lgbm_hmm,tb_label_8h,8h,hmm,BTCUSDT+ETHUSDT+BNBUSDT+SOLUSDT+XRPUSDT+DOGEUSDT+ADAUSDT+TRXUSDT+LINKUSDT+AVAXUSDT+TONUSDT+SHIBUSDT+DOTUSDT+BCHUSDT+LTCUSDT+NEARUSDT+UNIUSDT+APTUSDT+ICPUSDT+ETCUSDT,-0.030788622883517375,0.5649305555555556,0.35079250949995605,-0.7477764370362058,-0.1608306918857348,0.044409722222222225,-0.15668804990810714,1244,14400,16
regime_lgbm_hmm_guided_gmm,tb_label_8h,8h,hmm_guided_gmm,BTCUSDT+ETHUSDT+BNBUSDT+SOLUSDT+XRPUSDT+DOGEUSDT+ADAUSDT+TRXUSDT+LINKUSDT+AVAXUSDT+TONUSDT+SHIBUSDT+DOTUSDT+BCHUSDT+LTCUSDT+NEARUSDT+UNIUSDT+APTUSDT+ICPUSDT+ETCUSDT,0.04030679876824505,0.5759027777777778,0.355502269753164,1.921040724976304,-0.15460724448171712,0.03861111111111111,0.8856929992268419,1083,14400,1
regime_lgbm_hmm_guided_gmm,tb_label_8h,8h,hmm_guided_gmm,BTCUSDT+ETHUSDT+BNBUSDT+SOLUSDT+XRPUSDT+DOGEUSDT+ADAUSDT+TRXUSDT+LINKUSDT+AVAXUSDT+TONUSDT+SHIBUSDT+DOTUSDT+BCHUSDT+LTCUSDT+NEARUSDT+UNIUSDT+APTUSDT+ICPUSDT+ETCUSDT,0.13085379522054225,0.5594444444444444,0.35481390962022114,2.1532764321552684,-0.23853592923452632,0.035,1.5713406855952559,976,14400,2
regime_lgbm_hmm_guided_gmm,tb_label_8h,8h,hmm_guided_gmm,BTCUSDT+ETHUSDT+BNBUSDT+SOLUSDT+XRPUSDT+DOGEUSDT+ADAUSDT+TRXUSDT+LINKUSDT+AVAXUSDT+TONUSDT+SHIBUSDT+DOTUSDT+BCHUSDT+LTCUSDT+NEARUSDT+UNIUSDT+APTUSDT+ICPUSDT+ETCUSDT,-0.02765834838163044,0.5704166666666667,0.3520271292175325,0.42922428361439147,-0.20626418052728415,0.04583333333333333,0.10965509193789513,1273,14400,3
regime_lgbm_hmm_guided_gmm,tb_label_8h,8h,hmm_guided_gmm,BTCUSDT+ETHUSDT+BNBUSDT+SOLUSDT+XRPUSDT+DOGEUSDT+ADAUSDT+TRXUSDT+LINKUSDT+AVAXUSDT+TONUSDT+SHIBUSDT+DOTUSDT+BCHUSDT+LTCUSDT+NEARUSDT+UNIUSDT+APTUSDT+ICPUSDT+ETCUSDT,0.03860373978569188,0.5778472222222222,0.3571942581511665,-0.920451625773002,-0.46371538385596395,0.05357638888888889,-0.29583686560529276,1497,14400,4
regime_lgbm_hmm_guided_gmm,tb_label_8h,8h,hmm_guided_gmm,BTCUSDT+ETHUSDT+BNBUSDT+SOLUSDT+XRPUSDT+DOGEUSDT+ADAUSDT+TRXUSDT+LINKUSDT+AVAXUSDT+TONUSDT+SHIBUSDT+DOTUSDT+BCHUSDT+LTCUSDT+NEARUSDT+UNIUSDT+APTUSDT+ICPUSDT+ETCUSDT,0.02453204268663373,0.5393055555555556,0.3513370948157108,-0.6964932859136077,-0.4390099792886945,0.04649305555555556,-0.21624706024825457,1312,14400,5
regime_lgbm_hmm_guided_gmm,tb_label_8h,8h,hmm_guided_gmm,BTCUSDT+ETHUSDT+BNBUSDT+SOLUSDT+XRPUSDT+DOGEUSDT+ADAUSDT+TRXUSDT+LINKUSDT+AVAXUSDT+TONUSDT+SHIBUSDT+DOTUSDT+BCHUSDT+LTCUSDT+NEARUSDT+UNIUSDT+APTUSDT+ICPUSDT+ETCUSDT,-0.016682719984644337,0.53,0.34921915687949506,-0.5302425615969186,-0.4483397382094076,0.043263888888888886,-0.15600230242288882,1224,14400,6
regime_lgbm_hmm_guided_gmm,tb_label_8h,8h,hmm_guided_gmm,BTCUSDT+ETHUSDT+BNBUSDT+SOLUSDT+XRPUSDT+DOGEUSDT+ADAUSDT+TRXUSDT+LINKUSDT+AVAXUSDT+TONUSDT+SHIBUSDT+DOTUSDT+BCHUSDT+LTCUSDT+NEARUSDT+UNIUSDT+APTUSDT+ICPUSDT+ETCUSDT,0.011527261409645153,0.5745138888888889,0.3531356046233627,-2.2485442625369454,-0.359299627063095,0.04076388888888889,-0.3553080987171724,1137,14400,7
regime_lgbm_hmm_guided_gmm,tb_label_8h,8h,hmm_guided_gmm,BTCUSDT+ETHUSDT+BNBUSDT+SOLUSDT+XRPUSDT+DOGEUSDT+ADAUSDT+TRXUSDT+LINKUSDT+AVAXUSDT+TONUSDT+SHIBUSDT+DOTUSDT+BCHUSDT+LTCUSDT+NEARUSDT+UNIUSDT+APTUSDT+ICPUSDT+ETCUSDT,-0.027962746373880933,0.5561111111111111,0.3495684317779411,-1.492551854971007,-0.35868387765099813,0.030625,-0.34453799474109936,851,14400,8
regime_lgbm_hmm_guided_gmm,tb_label_8h,8h,hmm_guided_gmm,BTCUSDT+ETHUSDT+BNBUSDT+SOLUSDT+XRPUSDT+DOGEUSDT+ADAUSDT+TRXUSDT+LINKUSDT+AVAXUSDT+TONUSDT+SHIBUSDT+DOTUSDT+BCHUSDT+LTCUSDT+NEARUSDT+UNIUSDT+APTUSDT+ICPUSDT+ETCUSDT,-0.027253093302441384,0.5627083333333334,0.3511212616359675,-1.8476123423606745,-0.5722317880790909,0.03795138888888889,-0.5467293947294727,1063,14400,9
regime_lgbm_hmm_guided_gmm,tb_label_8h,8h,hmm_guided_gmm,BTCUSDT+ETHUSDT+BNBUSDT+SOLUSDT+XRPUSDT+DOGEUSDT+ADAUSDT+TRXUSDT+LINKUSDT+AVAXUSDT+TONUSDT+SHIBUSDT+DOTUSDT+BCHUSDT+LTCUSDT+NEARUSDT+UNIUSDT+APTUSDT+ICPUSDT+ETCUSDT,0.04329254973929698,0.5745833333333333,0.3519285589871941,1.3740252828325268,-0.1516026541056055,0.042083333333333334,0.43606842615684904,1181,14400,10
regime_lgbm_hmm_guided_gmm,tb_label_8h,8h,hmm_guided_gmm,BTCUSDT+ETHUSDT+BNBUSDT+SOLUSDT+XRPUSDT+DOGEUSDT+ADAUSDT+TRXUSDT+LINKUSDT+AVAXUSDT+TONUSDT+SHIBUSDT+DOTUSDT+BCHUSDT+LTCUSDT+NEARUSDT+UNIUSDT+APTUSDT+ICPUSDT+ETCUSDT,0.06365705429446464,0.5607638888888888,0.3438539277190773,-0.5328967651254114,-0.21759659367652182,0.03166666666666667,-0.11093802028226696,885,14400,11
regime_lgbm_hmm_guided_gmm,tb_label_8h,8h,hmm_guided_gmm,BTCUSDT+ETHUSDT+BNBUSDT+SOLUSDT+XRPUSDT+DOGEUSDT+ADAUSDT+TRXUSDT+LINKUSDT+AVAXUSDT+TONUSDT+SHIBUSDT+DOTUSDT+BCHUSDT+LTCUSDT+NEARUSDT+UNIUSDT+APTUSDT+ICPUSDT+ETCUSDT,-0.04524047073320008,0.5995138888888889,0.3486591125393336,-1.2988103677894811,-0.369530915006301,0.029548611111111112,-0.25140332577367275,830,14400,12
regime_lgbm_hmm_guided_gmm,tb_label_8h,8h,hmm_guided_gmm,BTCUSDT+ETHUSDT+BNBUSDT+SOLUSDT+XRPUSDT+DOGEUSDT+ADAUSDT+TRXUSDT+LINKUSDT+AVAXUSDT+TONUSDT+SHIBUSDT+DOTUSDT+BCHUSDT+LTCUSDT+NEARUSDT+UNIUSDT+APTUSDT+ICPUSDT+ETCUSDT,0.009273028313892437,0.5707638888888888,0.36120731954147867,-0.4794747911083846,-0.1846406633196467,0.044305555555555556,-0.06869552824742109,1229,14400,13
regime_lgbm_hmm_guided_gmm,tb_label_8h,8h,hmm_guided_gmm,BTCUSDT+ETHUSDT+BNBUSDT+SOLUSDT+XRPUSDT+DOGEUSDT+ADAUSDT+TRXUSDT+LINKUSDT+AVAXUSDT+TONUSDT+SHIBUSDT+DOTUSDT+BCHUSDT+LTCUSDT+NEARUSDT+UNIUSDT+APTUSDT+ICPUSDT+ETCUSDT,-0.008921613751626912,0.5845138888888889,0.3601919672263605,-0.4628904061796876,-0.24262322449242588,0.035347222222222224,-0.1224667922306184,985,14400,14
regime_lgbm_hmm_guided_gmm,tb_label_8h,8h,hmm_guided_gmm,BTCUSDT+ETHUSDT+BNBUSDT+SOLUSDT+XRPUSDT+DOGEUSDT+ADAUSDT+TRXUSDT+LINKUSDT+AVAXUSDT+TONUSDT+SHIBUSDT+DOTUSDT+BCHUSDT+LTCUSDT+NEARUSDT+UNIUSDT+APTUSDT+ICPUSDT+ETCUSDT,-0.04680673726753942,0.5503472222222222,0.3498995431344745,0.10966607307870202,-0.2523587815277353,0.03409722222222222,0.0012757704579853257,965,14400,15
regime_lgbm_hmm_guided_gmm,tb_label_8h,8h,hmm_guided_gmm,BTCUSDT+ETHUSDT+BNBUSDT+SOLUSDT+XRPUSDT+DOGEUSDT+ADAUSDT+TRXUSDT+LINKUSDT+AVAXUSDT+TONUSDT+SHIBUSDT+DOTUSDT+BCHUSDT+LTCUSDT+NEARUSDT+UNIUSDT+APTUSDT+ICPUSDT+ETCUSDT,-0.05385234702100295,0.5610416666666667,0.3511464278899221,-1.7376454016113394,-0.3918623449935611,0.04583333333333333,-0.3387003224881686,1285,14400,16
regime_lgbm_hmm_guided_hmm,tb_label_8h,8h,hmm_guided_hmm,BTCUSDT+ETHUSDT+BNBUSDT+SOLUSDT+XRPUSDT+DOGEUSDT+ADAUSDT+TRXUSDT+LINKUSDT+AVAXUSDT+TONUSDT+SHIBUSDT+DOTUSDT+BCHUSDT+LTCUSDT+NEARUSDT+UNIUSDT+APTUSDT+ICPUSDT+ETCUSDT,0.06429141016609098,0.5740972222222223,0.353974689512318,1.776439385658097,-0.12313435030501425,0.03819444444444445,0.8403685178182254,1067,14400,1
regime_lgbm_hmm_guided_hmm,tb_label_8h,8h,hmm_guided_hmm,BTCUSDT+ETHUSDT+BNBUSDT+SOLUSDT+XRPUSDT+DOGEUSDT+ADAUSDT+TRXUSDT+LINKUSDT+AVAXUSDT+TONUSDT+SHIBUSDT+DOTUSDT+BCHUSDT+LTCUSDT+NEARUSDT+UNIUSDT+APTUSDT+ICPUSDT+ETCUSDT,0.1405911205674784,0.5611111111111111,0.35630166284925674,1.65931358515651,-0.21139480779978698,0.033993055555555554,1.0403431080514953,953,14400,2
regime_lgbm_hmm_guided_hmm,tb_label_8h,8h,hmm_guided_hmm,BTCUSDT+ETHUSDT+BNBUSDT+SOLUSDT+XRPUSDT+DOGEUSDT+ADAUSDT+TRXUSDT+LINKUSDT+AVAXUSDT+TONUSDT+SHIBUSDT+DOTUSDT+BCHUSDT+LTCUSDT+NEARUSDT+UNIUSDT+APTUSDT+ICPUSDT+ETCUSDT,-0.04454988189756503,0.5709027777777778,0.35164634938254746,1.004571369412035,-0.19198118192958352,0.042291666666666665,0.26270999905312364,1183,14400,3
regime_lgbm_hmm_guided_hmm,tb_label_8h,8h,hmm_guided_hmm,BTCUSDT+ETHUSDT+BNBUSDT+SOLUSDT+XRPUSDT+DOGEUSDT+ADAUSDT+TRXUSDT+LINKUSDT+AVAXUSDT+TONUSDT+SHIBUSDT+DOTUSDT+BCHUSDT+LTCUSDT+NEARUSDT+UNIUSDT+APTUSDT+ICPUSDT+ETCUSDT,0.05411638788479371,0.576875,0.3564947195058645,-0.02372574291072157,-0.3505085182325114,0.04784722222222222,-0.030243135019455858,1351,14400,4
regime_lgbm_hmm_guided_hmm,tb_label_8h,8h,hmm_guided_hmm,BTCUSDT+ETHUSDT+BNBUSDT+SOLUSDT+XRPUSDT+DOGEUSDT+ADAUSDT+TRXUSDT+LINKUSDT+AVAXUSDT+TONUSDT+SHIBUSDT+DOTUSDT+BCHUSDT+LTCUSDT+NEARUSDT+UNIUSDT+APTUSDT+ICPUSDT+ETCUSDT,0.00363809901258935,0.5402777777777777,0.34980541559233186,-0.37518210769737775,-0.5189975176254503,0.04392361111111111,-0.16883533774765147,1242,14400,5
regime_lgbm_hmm_guided_hmm,tb_label_8h,8h,hmm_guided_hmm,BTCUSDT+ETHUSDT+BNBUSDT+SOLUSDT+XRPUSDT+DOGEUSDT+ADAUSDT+TRXUSDT+LINKUSDT+AVAXUSDT+TONUSDT+SHIBUSDT+DOTUSDT+BCHUSDT+LTCUSDT+NEARUSDT+UNIUSDT+APTUSDT+ICPUSDT+ETCUSDT,-0.012896056622247302,0.5284027777777778,0.34739614478040665,1.155971537205804,-0.3006496257617257,0.04631944444444445,0.3379809387011903,1303,14400,6
regime_lgbm_hmm_guided_hmm,tb_label_8h,8h,hmm_guided_hmm,BTCUSDT+ETHUSDT+BNBUSDT+SOLUSDT+XRPUSDT+DOGEUSDT+ADAUSDT+TRXUSDT+LINKUSDT+AVAXUSDT+TONUSDT+SHIBUSDT+DOTUSDT+BCHUSDT+LTCUSDT+NEARUSDT+UNIUSDT+APTUSDT+ICPUSDT+ETCUSDT,0.013296151129191617,0.5760416666666667,0.3549952088607291,-3.506967059697847,-0.5517618676968863,0.04131944444444444,-0.5472982481001113,1156,14400,7
regime_lgbm_hmm_guided_hmm,tb_label_8h,8h,hmm_guided_hmm,BTCUSDT+ETHUSDT+BNBUSDT+SOLUSDT+XRPUSDT+DOGEUSDT+ADAUSDT+TRXUSDT+LINKUSDT+AVAXUSDT+TONUSDT+SHIBUSDT+DOTUSDT+BCHUSDT+LTCUSDT+NEARUSDT+UNIUSDT+APTUSDT+ICPUSDT+ETCUSDT,-0.04026539775739581,0.5559027777777777,0.3500513331280939,-1.4888575001645674,-0.3284078052958992,0.03166666666666667,-0.32433452370296856,878,14400,8
regime_lgbm_hmm_guided_hmm,tb_label_8h,8h,hmm_guided_hmm,BTCUSDT+ETHUSDT+BNBUSDT+SOLUSDT+XRPUSDT+DOGEUSDT+ADAUSDT+TRXUSDT+LINKUSDT+AVAXUSDT+TONUSDT+SHIBUSDT+DOTUSDT+BCHUSDT+LTCUSDT+NEARUSDT+UNIUSDT+APTUSDT+ICPUSDT+ETCUSDT,-0.021150008606249302,0.5629861111111111,0.35307895629586805,-0.36685828770617623,-0.35698415183745225,0.04045138888888889,-0.17398117150705938,1138,14400,9
regime_lgbm_hmm_guided_hmm,tb_label_8h,8h,hmm_guided_hmm,BTCUSDT+ETHUSDT+BNBUSDT+SOLUSDT+XRPUSDT+DOGEUSDT+ADAUSDT+TRXUSDT+LINKUSDT+AVAXUSDT+TONUSDT+SHIBUSDT+DOTUSDT+BCHUSDT+LTCUSDT+NEARUSDT+UNIUSDT+APTUSDT+ICPUSDT+ETCUSDT,0.011176083837582744,0.5719444444444445,0.3464569871058049,0.12332490900849495,-0.13019611569497958,0.03875,0.014485254991429386,1090,14400,10
regime_lgbm_hmm_guided_hmm,tb_label_8h,8h,hmm_guided_hmm,BTCUSDT+ETHUSDT+BNBUSDT+SOLUSDT+XRPUSDT+DOGEUSDT+ADAUSDT+TRXUSDT+LINKUSDT+AVAXUSDT+TONUSDT+SHIBUSDT+DOTUSDT+BCHUSDT+LTCUSDT+NEARUSDT+UNIUSDT+APTUSDT+ICPUSDT+ETCUSDT,0.05551552908726407,0.5618055555555556,0.3436978733582179,-0.7885761470614023,-0.27612013955373416,0.03270833333333333,-0.16943110902636616,920,14400,11
regime_lgbm_hmm_guided_hmm,tb_label_8h,8h,hmm_guided_hmm,BTCUSDT+ETHUSDT+BNBUSDT+SOLUSDT+XRPUSDT+DOGEUSDT+ADAUSDT+TRXUSDT+LINKUSDT+AVAXUSDT+TONUSDT+SHIBUSDT+DOTUSDT+BCHUSDT+LTCUSDT+NEARUSDT+UNIUSDT+APTUSDT+ICPUSDT+ETCUSDT,-0.052953438690453096,0.5981944444444445,0.34620642774990396,-1.0044178173247433,-0.21266617383481565,0.027743055555555556,-0.17188275081364968,784,14400,12
regime_lgbm_hmm_guided_hmm,tb_label_8h,8h,hmm_guided_hmm,BTCUSDT+ETHUSDT+BNBUSDT+SOLUSDT+XRPUSDT+DOGEUSDT+ADAUSDT+TRXUSDT+LINKUSDT+AVAXUSDT+TONUSDT+SHIBUSDT+DOTUSDT+BCHUSDT+LTCUSDT+NEARUSDT+UNIUSDT+APTUSDT+ICPUSDT+ETCUSDT,0.021504409913597113,0.5751388888888889,0.3653925082318013,1.259289474312046,-0.10584063614091757,0.043333333333333335,0.2266534217666949,1216,14400,13
regime_lgbm_hmm_guided_hmm,tb_label_8h,8h,hmm_guided_hmm,BTCUSDT+ETHUSDT+BNBUSDT+SOLUSDT+XRPUSDT+DOGEUSDT+ADAUSDT+TRXUSDT+LINKUSDT+AVAXUSDT+TONUSDT+SHIBUSDT+DOTUSDT+BCHUSDT+LTCUSDT+NEARUSDT+UNIUSDT+APTUSDT+ICPUSDT+ETCUSDT,-0.025104052843608823,0.5878472222222222,0.36356740113491454,-0.7814535902020782,-0.28616579987937296,0.034791666666666665,-0.18656412019501167,968,14400,14
regime_lgbm_hmm_guided_hmm,tb_label_8h,8h,hmm_guided_hmm,BTCUSDT+ETHUSDT+BNBUSDT+SOLUSDT+XRPUSDT+DOGEUSDT+ADAUSDT+TRXUSDT+LINKUSDT+AVAXUSDT+TONUSDT+SHIBUSDT+DOTUSDT+BCHUSDT+LTCUSDT+NEARUSDT+UNIUSDT+APTUSDT+ICPUSDT+ETCUSDT,-0.04105709456434038,0.5527083333333334,0.35264010026526615,0.9408918838701583,-0.24118750931243324,0.036284722222222225,0.4040196125092388,1019,14400,15
regime_lgbm_hmm_guided_hmm,tb_label_8h,8h,hmm_guided_hmm,BTCUSDT+ETHUSDT+BNBUSDT+SOLUSDT+XRPUSDT+DOGEUSDT+ADAUSDT+TRXUSDT+LINKUSDT+AVAXUSDT+TONUSDT+SHIBUSDT+DOTUSDT+BCHUSDT+LTCUSDT+NEARUSDT+UNIUSDT+APTUSDT+ICPUSDT+ETCUSDT,-0.035276646846599875,0.5597222222222222,0.35361422361564343,-0.23890217001879555,-0.24425802620769474,0.04840277777777778,-0.0637778507238087,1347,14400,16
regime_lgbm_kmeans,tb_label_8h,8h,kmeans,BTCUSDT+ETHUSDT+BNBUSDT+SOLUSDT+XRPUSDT+DOGEUSDT+ADAUSDT+TRXUSDT+LINKUSDT+AVAXUSDT+TONUSDT+SHIBUSDT+DOTUSDT+BCHUSDT+LTCUSDT+NEARUSDT+UNIUSDT+APTUSDT+ICPUSDT+ETCUSDT,0.08168141113154917,0.5727083333333334,0.3515450344304054,1.976700309290276,-0.11908635297708851,0.03881944444444444,1.032370159993044,1098,14400,1
regime_lgbm_kmeans,tb_label_8h,8h,kmeans,BTCUSDT+ETHUSDT+BNBUSDT+SOLUSDT+XRPUSDT+DOGEUSDT+ADAUSDT+TRXUSDT+LINKUSDT+AVAXUSDT+TONUSDT+SHIBUSDT+DOTUSDT+BCHUSDT+LTCUSDT+NEARUSDT+UNIUSDT+APTUSDT+ICPUSDT+ETCUSDT,0.1738046497140368,0.5645833333333333,0.3575098417043037,1.6409593062899561,-0.19341990711574453,0.03319444444444444,0.9284100171706147,926,14400,2
regime_lgbm_kmeans,tb_label_8h,8h,kmeans,BTCUSDT+ETHUSDT+BNBUSDT+SOLUSDT+XRPUSDT+DOGEUSDT+ADAUSDT+TRXUSDT+LINKUSDT+AVAXUSDT+TONUSDT+SHIBUSDT+DOTUSDT+BCHUSDT+LTCUSDT+NEARUSDT+UNIUSDT+APTUSDT+ICPUSDT+ETCUSDT,-0.021808567548539888,0.5728472222222222,0.353859026211148,0.9031209313913763,-0.18943078422706586,0.043055555555555555,0.25363143904482355,1206,14400,3
regime_lgbm_kmeans,tb_label_8h,8h,kmeans,BTCUSDT+ETHUSDT+BNBUSDT+SOLUSDT+XRPUSDT+DOGEUSDT+ADAUSDT+TRXUSDT+LINKUSDT+AVAXUSDT+TONUSDT+SHIBUSDT+DOTUSDT+BCHUSDT+LTCUSDT+NEARUSDT+UNIUSDT+APTUSDT+ICPUSDT+ETCUSDT,0.021586436279837553,0.5778472222222222,0.35920016544274214,-1.0742003206474857,-0.4327309117306535,0.049444444444444444,-0.29529082357108094,1384,14400,4
regime_lgbm_kmeans,tb_label_8h,8h,kmeans,BTCUSDT+ETHUSDT+BNBUSDT+SOLUSDT+XRPUSDT+DOGEUSDT+ADAUSDT+TRXUSDT+LINKUSDT+AVAXUSDT+TONUSDT+SHIBUSDT+DOTUSDT+BCHUSDT+LTCUSDT+NEARUSDT+UNIUSDT+APTUSDT+ICPUSDT+ETCUSDT,0.01730156754302498,0.5421527777777778,0.3507842339723144,-0.7885679290685756,-0.5052764297094458,0.04652777777777778,-0.2968193679386991,1315,14400,5
regime_lgbm_kmeans,tb_label_8h,8h,kmeans,BTCUSDT+ETHUSDT+BNBUSDT+SOLUSDT+XRPUSDT+DOGEUSDT+ADAUSDT+TRXUSDT+LINKUSDT+AVAXUSDT+TONUSDT+SHIBUSDT+DOTUSDT+BCHUSDT+LTCUSDT+NEARUSDT+UNIUSDT+APTUSDT+ICPUSDT+ETCUSDT,-0.02973257339011999,0.5310416666666666,0.35161969808115606,0.048848253409158916,-0.38323123855869806,0.04527777777777778,-0.008597715195361344,1276,14400,6
regime_lgbm_kmeans,tb_label_8h,8h,kmeans,BTCUSDT+ETHUSDT+BNBUSDT+SOLUSDT+XRPUSDT+DOGEUSDT+ADAUSDT+TRXUSDT+LINKUSDT+AVAXUSDT+TONUSDT+SHIBUSDT+DOTUSDT+BCHUSDT+LTCUSDT+NEARUSDT+UNIUSDT+APTUSDT+ICPUSDT+ETCUSDT,0.023665387811316843,0.5730555555555555,0.35051316523161624,-1.948965425807516,-0.3605607063747278,0.042326388888888886,-0.3100069374042208,1188,14400,7
regime_lgbm_kmeans,tb_label_8h,8h,kmeans,BTCUSDT+ETHUSDT+BNBUSDT+SOLUSDT+XRPUSDT+DOGEUSDT+ADAUSDT+TRXUSDT+LINKUSDT+AVAXUSDT+TONUSDT+SHIBUSDT+DOTUSDT+BCHUSDT+LTCUSDT+NEARUSDT+UNIUSDT+APTUSDT+ICPUSDT+ETCUSDT,-0.037475803158072536,0.5563888888888889,0.3477818506831151,-0.26283110668935955,-0.2733278738342991,0.029930555555555554,-0.08178438727416792,835,14400,8
regime_lgbm_kmeans,tb_label_8h,8h,kmeans,BTCUSDT+ETHUSDT+BNBUSDT+SOLUSDT+XRPUSDT+DOGEUSDT+ADAUSDT+TRXUSDT+LINKUSDT+AVAXUSDT+TONUSDT+SHIBUSDT+DOTUSDT+BCHUSDT+LTCUSDT+NEARUSDT+UNIUSDT+APTUSDT+ICPUSDT+ETCUSDT,-0.024070786174183158,0.5597916666666667,0.3467643428856664,-0.9448580298137877,-0.38602086999225677,0.03802083333333333,-0.32225410650553166,1052,14400,9
regime_lgbm_kmeans,tb_label_8h,8h,kmeans,BTCUSDT+ETHUSDT+BNBUSDT+SOLUSDT+XRPUSDT+DOGEUSDT+ADAUSDT+TRXUSDT+LINKUSDT+AVAXUSDT+TONUSDT+SHIBUSDT+DOTUSDT+BCHUSDT+LTCUSDT+NEARUSDT+UNIUSDT+APTUSDT+ICPUSDT+ETCUSDT,0.042673573628599824,0.5726388888888889,0.3456926456597919,0.105108292054112,-0.2577795074770002,0.03791666666666667,0.01096063573187589,1062,14400,10
regime_lgbm_kmeans,tb_label_8h,8h,kmeans,BTCUSDT+ETHUSDT+BNBUSDT+SOLUSDT+XRPUSDT+DOGEUSDT+ADAUSDT+TRXUSDT+LINKUSDT+AVAXUSDT+TONUSDT+SHIBUSDT+DOTUSDT+BCHUSDT+LTCUSDT+NEARUSDT+UNIUSDT+APTUSDT+ICPUSDT+ETCUSDT,0.05537405986754302,0.5630555555555555,0.3417881474563473,0.33959018901021165,-0.1717976939670408,0.025763888888888888,0.05865749140858556,725,14400,11
regime_lgbm_kmeans,tb_label_8h,8h,kmeans,BTCUSDT+ETHUSDT+BNBUSDT+SOLUSDT+XRPUSDT+DOGEUSDT+ADAUSDT+TRXUSDT+LINKUSDT+AVAXUSDT+TONUSDT+SHIBUSDT+DOTUSDT+BCHUSDT+LTCUSDT+NEARUSDT+UNIUSDT+APTUSDT+ICPUSDT+ETCUSDT,-0.05571427266501742,0.5984027777777777,0.3450078523887987,-1.3100970715105529,-0.23658491560648448,0.025590277777777778,-0.19838019722433886,712,14400,12
regime_lgbm_kmeans,tb_label_8h,8h,kmeans,BTCUSDT+ETHUSDT+BNBUSDT+SOLUSDT+XRPUSDT+DOGEUSDT+ADAUSDT+TRXUSDT+LINKUSDT+AVAXUSDT+TONUSDT+SHIBUSDT+DOTUSDT+BCHUSDT+LTCUSDT+NEARUSDT+UNIUSDT+APTUSDT+ICPUSDT+ETCUSDT,0.0044759544607881644,0.5717361111111111,0.35821884676495164,1.1451316426780196,-0.07771011766954598,0.03850694444444445,0.16806456548228943,1083,14400,13
regime_lgbm_kmeans,tb_label_8h,8h,kmeans,BTCUSDT+ETHUSDT+BNBUSDT+SOLUSDT+XRPUSDT+DOGEUSDT+ADAUSDT+TRXUSDT+LINKUSDT+AVAXUSDT+TONUSDT+SHIBUSDT+DOTUSDT+BCHUSDT+LTCUSDT+NEARUSDT+UNIUSDT+APTUSDT+ICPUSDT+ETCUSDT,-0.05131613514480231,0.5842361111111111,0.35777574728962475,-1.6315692995021451,-0.310945614430693,0.034444444444444444,-0.310945614430693,972,14400,14
regime_lgbm_kmeans,tb_label_8h,8h,kmeans,BTCUSDT+ETHUSDT+BNBUSDT+SOLUSDT+XRPUSDT+DOGEUSDT+ADAUSDT+TRXUSDT+LINKUSDT+AVAXUSDT+TONUSDT+SHIBUSDT+DOTUSDT+BCHUSDT+LTCUSDT+NEARUSDT+UNIUSDT+APTUSDT+ICPUSDT+ETCUSDT,-0.022442625054926266,0.5533333333333333,0.35045178060380194,-0.46433704793895586,-0.24728129768416993,0.03166666666666667,-0.11413780768140414,887,14400,15
regime_lgbm_kmeans,tb_label_8h,8h,kmeans,BTCUSDT+ETHUSDT+BNBUSDT+SOLUSDT+XRPUSDT+DOGEUSDT+ADAUSDT+TRXUSDT+LINKUSDT+AVAXUSDT+TONUSDT+SHIBUSDT+DOTUSDT+BCHUSDT+LTCUSDT+NEARUSDT+UNIUSDT+APTUSDT+ICPUSDT+ETCUSDT,-0.029962384007353498,0.5630555555555555,0.3496866613882889,-1.340235296005285,-0.24860897745018457,0.04420138888888889,-0.23928530041363127,1233,14400,16
regime_lgbm_vol_bucket,tb_label_8h,8h,vol_bucket,BTCUSDT+ETHUSDT+BNBUSDT+SOLUSDT+XRPUSDT+DOGEUSDT+ADAUSDT+TRXUSDT+LINKUSDT+AVAXUSDT+TONUSDT+SHIBUSDT+DOTUSDT+BCHUSDT+LTCUSDT+NEARUSDT+UNIUSDT+APTUSDT+ICPUSDT+ETCUSDT,0.059664800996294357,0.57375,0.3558225772697035,0.9394162167965737,-0.2240347998624099,0.0425,0.3629574565311602,1186,14400,1
regime_lgbm_vol_bucket,tb_label_8h,8h,vol_bucket,BTCUSDT+ETHUSDT+BNBUSDT+SOLUSDT+XRPUSDT+DOGEUSDT+ADAUSDT+TRXUSDT+LINKUSDT+AVAXUSDT+TONUSDT+SHIBUSDT+DOTUSDT+BCHUSDT+LTCUSDT+NEARUSDT+UNIUSDT+APTUSDT+ICPUSDT+ETCUSDT,0.1266235790815612,0.5617361111111111,0.3589131824794322,1.1321679899120467,-0.25015534504914017,0.034340277777777775,0.4013752139364315,969,14400,2
regime_lgbm_vol_bucket,tb_label_8h,8h,vol_bucket,BTCUSDT+ETHUSDT+BNBUSDT+SOLUSDT+XRPUSDT+DOGEUSDT+ADAUSDT+TRXUSDT+LINKUSDT+AVAXUSDT+TONUSDT+SHIBUSDT+DOTUSDT+BCHUSDT+LTCUSDT+NEARUSDT+UNIUSDT+APTUSDT+ICPUSDT+ETCUSDT,-0.028833965293774303,0.5761111111111111,0.3562833466225777,1.846748555978581,-0.10586569375398185,0.04034722222222222,0.5227057156794743,1124,14400,3
regime_lgbm_vol_bucket,tb_label_8h,8h,vol_bucket,BTCUSDT+ETHUSDT+BNBUSDT+SOLUSDT+XRPUSDT+DOGEUSDT+ADAUSDT+TRXUSDT+LINKUSDT+AVAXUSDT+TONUSDT+SHIBUSDT+DOTUSDT+BCHUSDT+LTCUSDT+NEARUSDT+UNIUSDT+APTUSDT+ICPUSDT+ETCUSDT,0.04388323617824225,0.5732638888888889,0.3590224809986488,-0.3175580067702732,-0.3507424769945351,0.050729166666666665,-0.11860014812972663,1431,14400,4
regime_lgbm_vol_bucket,tb_label_8h,8h,vol_bucket,BTCUSDT+ETHUSDT+BNBUSDT+SOLUSDT+XRPUSDT+DOGEUSDT+ADAUSDT+TRXUSDT+LINKUSDT+AVAXUSDT+TONUSDT+SHIBUSDT+DOTUSDT+BCHUSDT+LTCUSDT+NEARUSDT+UNIUSDT+APTUSDT+ICPUSDT+ETCUSDT,0.02697934597050421,0.5421527777777778,0.35413645959258305,1.1611838653327466,-0.3255130791604854,0.04604166666666667,0.41954569051168566,1296,14400,5
regime_lgbm_vol_bucket,tb_label_8h,8h,vol_bucket,BTCUSDT+ETHUSDT+BNBUSDT+SOLUSDT+XRPUSDT+DOGEUSDT+ADAUSDT+TRXUSDT+LINKUSDT+AVAXUSDT+TONUSDT+SHIBUSDT+DOTUSDT+BCHUSDT+LTCUSDT+NEARUSDT+UNIUSDT+APTUSDT+ICPUSDT+ETCUSDT,-0.017804856961489254,0.5265277777777778,0.35551711366390376,-1.332863595553353,-0.521317140940522,0.04972222222222222,-0.3257673190935926,1401,14400,6
regime_lgbm_vol_bucket,tb_label_8h,8h,vol_bucket,BTCUSDT+ETHUSDT+BNBUSDT+SOLUSDT+XRPUSDT+DOGEUSDT+ADAUSDT+TRXUSDT+LINKUSDT+AVAXUSDT+TONUSDT+SHIBUSDT+DOTUSDT+BCHUSDT+LTCUSDT+NEARUSDT+UNIUSDT+APTUSDT+ICPUSDT+ETCUSDT,0.008140668272966455,0.5699305555555556,0.35749310340637575,-2.564503546591714,-0.4573470940200463,0.05388888888888889,-0.435882928708629,1494,14400,7
regime_lgbm_vol_bucket,tb_label_8h,8h,vol_bucket,BTCUSDT+ETHUSDT+BNBUSDT+SOLUSDT+XRPUSDT+DOGEUSDT+ADAUSDT+TRXUSDT+LINKUSDT+AVAXUSDT+TONUSDT+SHIBUSDT+DOTUSDT+BCHUSDT+LTCUSDT+NEARUSDT+UNIUSDT+APTUSDT+ICPUSDT+ETCUSDT,-0.01841449170687696,0.5545138888888889,0.35087376035605544,-0.2453339121511902,-0.3204884647824407,0.035,-0.09273824995014202,979,14400,8
regime_lgbm_vol_bucket,tb_label_8h,8h,vol_bucket,BTCUSDT+ETHUSDT+BNBUSDT+SOLUSDT+XRPUSDT+DOGEUSDT+ADAUSDT+TRXUSDT+LINKUSDT+AVAXUSDT+TONUSDT+SHIBUSDT+DOTUSDT+BCHUSDT+LTCUSDT+NEARUSDT+UNIUSDT+APTUSDT+ICPUSDT+ETCUSDT,-0.006594619232997989,0.5574305555555555,0.35230428456531393,-0.9405123347807106,-0.38571447072439685,0.051006944444444445,-0.31345954180706914,1440,14400,9
regime_lgbm_vol_bucket,tb_label_8h,8h,vol_bucket,BTCUSDT+ETHUSDT+BNBUSDT+SOLUSDT+XRPUSDT+DOGEUSDT+ADAUSDT+TRXUSDT+LINKUSDT+AVAXUSDT+TONUSDT+SHIBUSDT+DOTUSDT+BCHUSDT+LTCUSDT+NEARUSDT+UNIUSDT+APTUSDT+ICPUSDT+ETCUSDT,0.00966593933514995,0.5739583333333333,0.3546116181553845,0.5848052747538831,-0.1361570136295895,0.049444444444444444,0.12955885420930202,1388,14400,10
regime_lgbm_vol_bucket,tb_label_8h,8h,vol_bucket,BTCUSDT+ETHUSDT+BNBUSDT+SOLUSDT+XRPUSDT+DOGEUSDT+ADAUSDT+TRXUSDT+LINKUSDT+AVAXUSDT+TONUSDT+SHIBUSDT+DOTUSDT+BCHUSDT+LTCUSDT+NEARUSDT+UNIUSDT+APTUSDT+ICPUSDT+ETCUSDT,0.05266060827498229,0.5623611111111111,0.34807379656511994,-1.4966392305283776,-0.28130286093232904,0.035902777777777777,-0.2676279567429657,1013,14400,11
regime_lgbm_vol_bucket,tb_label_8h,8h,vol_bucket,BTCUSDT+ETHUSDT+BNBUSDT+SOLUSDT+XRPUSDT+DOGEUSDT+ADAUSDT+TRXUSDT+LINKUSDT+AVAXUSDT+TONUSDT+SHIBUSDT+DOTUSDT+BCHUSDT+LTCUSDT+NEARUSDT+UNIUSDT+APTUSDT+ICPUSDT+ETCUSDT,-0.040492249738930564,0.5965972222222222,0.3495887982377112,-0.5931162623748176,-0.18152947897596788,0.03076388888888889,-0.09240779877939509,862,14400,12
regime_lgbm_vol_bucket,tb_label_8h,8h,vol_bucket,BTCUSDT+ETHUSDT+BNBUSDT+SOLUSDT+XRPUSDT+DOGEUSDT+ADAUSDT+TRXUSDT+LINKUSDT+AVAXUSDT+TONUSDT+SHIBUSDT+DOTUSDT+BCHUSDT+LTCUSDT+NEARUSDT+UNIUSDT+APTUSDT+ICPUSDT+ETCUSDT,0.011000235392900062,0.5702777777777778,0.3636674986223629,-0.2034979019988713,-0.1526431067254883,0.05,-0.03278592835795924,1403,14400,13
regime_lgbm_vol_bucket,tb_label_8h,8h,vol_bucket,BTCUSDT+ETHUSDT+BNBUSDT+SOLUSDT+XRPUSDT+DOGEUSDT+ADAUSDT+TRXUSDT+LINKUSDT+AVAXUSDT+TONUSDT+SHIBUSDT+DOTUSDT+BCHUSDT+LTCUSDT+NEARUSDT+UNIUSDT+APTUSDT+ICPUSDT+ETCUSDT,-0.025163187003727158,0.5840972222222223,0.3602109320502252,-0.11179372148745596,-0.27294345517181645,0.04048611111111111,-0.0379766744343214,1130,14400,14
regime_lgbm_vol_bucket,tb_label_8h,8h,vol_bucket,BTCUSDT+ETHUSDT+BNBUSDT+SOLUSDT+XRPUSDT+DOGEUSDT+ADAUSDT+TRXUSDT+LINKUSDT+AVAXUSDT+TONUSDT+SHIBUSDT+DOTUSDT+BCHUSDT+LTCUSDT+NEARUSDT+UNIUSDT+APTUSDT+ICPUSDT+ETCUSDT,-0.05977928531009297,0.5485416666666667,0.3513008377845514,-1.7834334567497907,-0.39449768646624567,0.03638888888888889,-0.3496067934058613,1029,14400,15
regime_lgbm_vol_bucket,tb_label_8h,8h,vol_bucket,BTCUSDT+ETHUSDT+BNBUSDT+SOLUSDT+XRPUSDT+DOGEUSDT+ADAUSDT+TRXUSDT+LINKUSDT+AVAXUSDT+TONUSDT+SHIBUSDT+DOTUSDT+BCHUSDT+LTCUSDT+NEARUSDT+UNIUSDT+APTUSDT+ICPUSDT+ETCUSDT,-0.04507916784724515,0.5618055555555556,0.35930241450070427,-1.3836316258125678,-0.26112310565658575,0.05704861111111111,-0.23289415877790354,1601,14400,16
